{"input_data": {
    "columns": [
      "age",
      "gender",
      "bmi",
      "bp",
      "s1",
      "s2",
      "s3",
      "s4",
      "s5",
      "s6"
    ],
    "data": [
      [0.0126481372762872, 0.0506801187398187, 0.00241654245523897, 0.0563010619323185, 0.0273260502020124, 0.0171618818193638, 0.0412768238419757, -0.0394933828740919, 0.00371173823343597, 0.0734802269665584],
      [0.0271782910803654, 0.0506801187398187, -0.0353068801305926, 0.0322009670761646, -0.0112006298276192, 0.00150445872988718, -0.0102661054152432, -0.00259226199818282, -0.0149564750249113, -0.0507829804784829]
    ],
    "index": [0,1]
  }
  }

